surface_id,page,component,method,source_file,data_source_endpoint,probe_url,http_status,result,current_state,required_state,gap_type
SURFACE-0001,/,SiteHomePage,READ,frontend/src/pages/website/HomePage.js,NO_API_CALL_DETECTED,https://biqc.ai/,200,PASS,transport_200,static_route_render_200,-
SURFACE-0002,/platform,SitePlatformPage,READ,frontend/src/pages/website/PlatformPage.js,NO_API_CALL_DETECTED,https://biqc.ai/platform,200,PASS,transport_200,static_route_render_200,-
SURFACE-0003,/intelligence,SiteIntelligencePage,READ,frontend/src/pages/website/IntelligencePage.js,NO_API_CALL_DETECTED,https://biqc.ai/intelligence,200,PASS,transport_200,static_route_render_200,-
SURFACE-0004,/our-integrations,SiteIntegrationsPage,READ,frontend/src/pages/website/IntegrationsPage.js,NO_API_CALL_DETECTED,https://biqc.ai/our-integrations,200,PASS,transport_200,static_route_render_200,-
SURFACE-0005,/pricing,Pricing,READ,frontend/src/pages/Pricing.js,NO_API_CALL_DETECTED,https://biqc.ai/pricing,200,PASS,transport_200,static_route_render_200,-
SURFACE-0006,/trust,SiteTrustLandingPage,READ,frontend/src/pages/website/TrustLandingPage.js,NO_API_CALL_DETECTED,https://biqc.ai/trust,200,PASS,transport_200,static_route_render_200,-
SURFACE-0007,/trust/ai-learning-guarantee,AILearningGuarantee,READ,frontend/src/pages/AILearningGuarantee.js,NO_API_CALL_DETECTED,https://biqc.ai/trust/ai-learning-guarantee,200,PASS,transport_200,static_route_render_200,-
SURFACE-0008,/trust/terms,SiteTermsPage,READ,frontend/src/pages/website/TrustSubPages.js,NO_API_CALL_DETECTED,https://biqc.ai/trust/terms,200,PASS,transport_200,static_route_render_200,-
SURFACE-0009,/trust/privacy,SitePrivacyPage,READ,frontend/src/pages/website/TrustSubPages.js,NO_API_CALL_DETECTED,https://biqc.ai/trust/privacy,200,PASS,transport_200,static_route_render_200,-
SURFACE-0010,/trust/dpa,SiteDPAPage,READ,frontend/src/pages/website/TrustSubPages.js,NO_API_CALL_DETECTED,https://biqc.ai/trust/dpa,200,PASS,transport_200,static_route_render_200,-
SURFACE-0011,/trust/security,SiteSecurityPage,READ,frontend/src/pages/website/TrustSubPages.js,NO_API_CALL_DETECTED,https://biqc.ai/trust/security,200,PASS,transport_200,static_route_render_200,-
SURFACE-0012,/trust/centre,SiteTrustCentrePage,READ,frontend/src/pages/website/TrustSubPages.js,NO_API_CALL_DETECTED,https://biqc.ai/trust/centre,200,PASS,transport_200,static_route_render_200,-
SURFACE-0013,/contact,ContactPage,POST,frontend/src/pages/ContactPage.js,/enterprise/contact-request,https://biqc-api.azurewebsites.net/api/enterprise/contact-request,200,PASS,transport_200,transport_200_plus_semantic_payload_contract,-
SURFACE-0014,/knowledge-base,KnowledgeBasePage,READ,frontend/src/pages/KnowledgeBasePage.js,NO_API_CALL_DETECTED,https://biqc.ai/knowledge-base,200,PASS,transport_200,static_route_render_200,-
SURFACE-0015,/blog,BlogPage,READ,frontend/src/pages/BlogPage.js,NO_API_CALL_DETECTED,https://biqc.ai/blog,200,PASS,transport_200,static_route_render_200,-
SURFACE-0016,/blog/:slug,BlogArticlePage,READ,frontend/src/pages/BlogArticlePage.js,NO_API_CALL_DETECTED,https://biqc.ai/blog/:slug,200,PASS,transport_200,static_route_render_200,-
SURFACE-0017,/landing-intelligent,LandingIntelligent,READ,frontend/src/pages/LandingIntelligent.js,NO_API_CALL_DETECTED,https://biqc.ai/landing-intelligent,200,PASS,transport_200,static_route_render_200,-
SURFACE-0018,/enterprise-terms,EnterpriseTerms,READ,frontend/src/pages/EnterpriseTerms.js,NO_API_CALL_DETECTED,https://biqc.ai/enterprise-terms,200,PASS,transport_200,static_route_render_200,-
SURFACE-0019,/platform/login,PlatformLogin,READ,frontend/src/pages/website/platform/PlatformLogin.js,NO_API_CALL_DETECTED,https://biqc.ai/platform/login,200,PASS,transport_200,static_route_render_200,-
SURFACE-0020,/platform/overview,ExecOverview,READ,frontend/src/pages/website/platform/ExecOverview.js,NO_API_CALL_DETECTED,https://biqc.ai/platform/overview,200,PASS,transport_200,static_route_render_200,-
SURFACE-0021,/platform/revenue,RevenueModule,READ,frontend/src/pages/website/platform/RevenueModule.js,NO_API_CALL_DETECTED,https://biqc.ai/platform/revenue,200,PASS,transport_200,static_route_render_200,-
SURFACE-0022,/platform/alerts,AlertsPage,READ,frontend/src/pages/website/platform/AlertsPage.js,NO_API_CALL_DETECTED,https://biqc.ai/platform/alerts,200,PASS,transport_200,static_route_render_200,-
SURFACE-0023,/platform/automations,AutomationsPage,READ,frontend/src/pages/website/platform/AutomationsPage.js,NO_API_CALL_DETECTED,https://biqc.ai/platform/automations,200,PASS,transport_200,static_route_render_200,-
SURFACE-0024,/platform/integrations-demo,IntegrationsPlatform,READ,frontend/src/pages/website/platform/IntegrationsPlatform.js,NO_API_CALL_DETECTED,https://biqc.ai/platform/integrations-demo,200,PASS,transport_200,static_route_render_200,-
SURFACE-0025,/platform/industry/msp,MSPView,READ,frontend/src/pages/website/platform/industries/MSPView.js,NO_API_CALL_DETECTED,https://biqc.ai/platform/industry/msp,200,PASS,transport_200,static_route_render_200,-
SURFACE-0026,/platform/industry/construction,ConstructionView,READ,frontend/src/pages/website/platform/industries/ConstructionView.js,NO_API_CALL_DETECTED,https://biqc.ai/platform/industry/construction,200,PASS,transport_200,static_route_render_200,-
SURFACE-0027,/platform/industry/consulting,ConsultingView,READ,frontend/src/pages/website/platform/industries/ConsultingView.js,NO_API_CALL_DETECTED,https://biqc.ai/platform/industry/consulting,200,PASS,transport_200,static_route_render_200,-
SURFACE-0028,/platform/industry/agency,AgencyView,READ,frontend/src/pages/website/platform/industries/AgencyView.js,NO_API_CALL_DETECTED,https://biqc.ai/platform/industry/agency,200,PASS,transport_200,static_route_render_200,-
SURFACE-0029,/platform/industry/saas,SaaSView,READ,frontend/src/pages/website/platform/industries/SaaSView.js,NO_API_CALL_DETECTED,https://biqc.ai/platform/industry/saas,200,PASS,transport_200,static_route_render_200,-
SURFACE-0030,/login-supabase,LoginSupabase,POST,frontend/src/pages/LoginSupabase.js,/auth/recaptcha/verify,https://biqc-api.azurewebsites.net/api/auth/recaptcha/verify,200,PASS,transport_200,transport_200_plus_semantic_payload_contract,-
SURFACE-0031,/login-supabase,LoginSupabase,POST,frontend/src/pages/LoginSupabase.js,/auth/recaptcha/verify,https://biqc-api.azurewebsites.net/api/auth/recaptcha/verify,200,PASS,transport_200,transport_200_plus_semantic_payload_contract,-
SURFACE-0032,/register-supabase,RegisterSupabase,POST,frontend/src/pages/RegisterSupabase.js,/auth/recaptcha/verify,https://biqc-api.azurewebsites.net/api/auth/recaptcha/verify,200,PASS,transport_200,transport_200_plus_semantic_payload_contract,-
SURFACE-0033,/register-supabase,RegisterSupabase,POST,frontend/src/pages/RegisterSupabase.js,/auth/recaptcha/verify,https://biqc-api.azurewebsites.net/api/auth/recaptcha/verify,200,PASS,transport_200,transport_200_plus_semantic_payload_contract,-
SURFACE-0034,/reset-password,ResetPassword,READ,frontend/src/pages/ResetPassword.js,NO_API_CALL_DETECTED,https://biqc.ai/reset-password,200,PASS,transport_200,static_route_render_200,-
SURFACE-0035,/update-password,UpdatePassword,READ,frontend/src/pages/UpdatePassword.js,NO_API_CALL_DETECTED,https://biqc.ai/update-password,200,PASS,transport_200,static_route_render_200,-
SURFACE-0036,/auth/callback,AuthCallbackSupabase,READ,frontend/src/pages/AuthCallbackSupabase.js,NO_API_CALL_DETECTED,https://biqc.ai/auth/callback,200,PASS,transport_200,static_route_render_200,-
SURFACE-0037,/onboarding-decision,OnboardingDecision,READ,frontend/src/pages/OnboardingDecision.js,NO_API_CALL_DETECTED,https://biqc.ai/onboarding-decision,200,PASS,transport_200,static_route_render_200,-
SURFACE-0038,/onboarding,OnboardingWizard,GET,frontend/src/pages/OnboardingWizard.js,/business-profile/context,https://biqc-api.azurewebsites.net/api/business-profile/context,200,PASS,transport_200,transport_200_plus_semantic_payload_contract,-
SURFACE-0039,/onboarding,OnboardingWizard,POST,frontend/src/pages/OnboardingWizard.js,/onboarding/save,https://biqc-api.azurewebsites.net/api/onboarding/save,200,PASS,transport_200,transport_200_plus_semantic_payload_contract,-
SURFACE-0040,/onboarding,OnboardingWizard,PUT,frontend/src/pages/OnboardingWizard.js,/business-profile,https://biqc-api.azurewebsites.net/api/business-profile,200,PASS,transport_200,transport_200_plus_semantic_payload_contract,-
SURFACE-0041,/onboarding,OnboardingWizard,PUT,frontend/src/pages/OnboardingWizard.js,/business-profile,https://biqc-api.azurewebsites.net/api/business-profile,200,PASS,transport_200,transport_200_plus_semantic_payload_contract,-
SURFACE-0042,/onboarding,OnboardingWizard,POST,frontend/src/pages/OnboardingWizard.js,/onboarding/complete,https://biqc-api.azurewebsites.net/api/onboarding/complete,200,PASS,transport_200,transport_200_plus_semantic_payload_contract,-
SURFACE-0043,/onboarding,OnboardingWizard,POST,frontend/src/pages/OnboardingWizard.js,/website/enrich,https://biqc-api.azurewebsites.net/api/website/enrich,200,PASS,transport_200,transport_200_plus_semantic_payload_contract,-
SURFACE-0044,/calibration,CalibrationAdvisor,POST,frontend/src/pages/CalibrationAdvisor.js,/calibration/skip,https://biqc-api.azurewebsites.net/api/calibration/skip,200,PASS,transport_200,transport_200_plus_semantic_payload_contract,-
SURFACE-0045,/subscribe,SubscribePage,POST,frontend/src/pages/SubscribePage.js,/payments/checkout,https://biqc-api.azurewebsites.net/api/payments/checkout,200,PASS,transport_200,transport_200_plus_semantic_payload_contract,-
SURFACE-0046,/upgrade,UpgradePage,POST,frontend/src/pages/UpgradePage.js,/stripe/create-checkout-session,https://biqc-api.azurewebsites.net/api/stripe/create-checkout-session,200,PASS,transport_200,transport_200_plus_semantic_payload_contract,-
SURFACE-0047,/upgrade/success,UpgradePage,POST,frontend/src/pages/UpgradePage.js,/stripe/create-checkout-session,https://biqc-api.azurewebsites.net/api/stripe/create-checkout-session,200,PASS,transport_200,transport_200_plus_semantic_payload_contract,-
SURFACE-0048,/biqc-foundation,BIQcFoundationPage,READ,frontend/src/pages/BIQcFoundationPage.js,NO_API_CALL_DETECTED,https://biqc.ai/biqc-foundation,200,PASS,transport_200,static_route_render_200,-
SURFACE-0049,/more-features,MoreFeaturesPage,READ,frontend/src/pages/MoreFeaturesPage.js,NO_API_CALL_DETECTED,https://biqc.ai/more-features,200,PASS,transport_200,static_route_render_200,-
SURFACE-0050,/biqc-legal,BIQcLegalPage,READ,frontend/src/pages/BIQcLegalPage.js,NO_API_CALL_DETECTED,https://biqc.ai/biqc-legal,200,PASS,transport_200,static_route_render_200,-
SURFACE-0051,/advisor,AdvisorWatchtower,GET,frontend/src/pages/AdvisorWatchtower.js,/cognition/overview,https://biqc-api.azurewebsites.net/api/cognition/overview,200,PASS,transport_200,transport_200_plus_semantic_payload_contract,-
SURFACE-0052,/advisor,AdvisorWatchtower,GET,frontend/src/pages/AdvisorWatchtower.js,/intelligence/watchtower,https://biqc-api.azurewebsites.net/api/intelligence/watchtower,200,PASS,transport_200,transport_200_plus_semantic_payload_contract,-
SURFACE-0053,/advisor,AdvisorWatchtower,GET,frontend/src/pages/AdvisorWatchtower.js,/integrations/merge/connected,https://biqc-api.azurewebsites.net/api/integrations/merge/connected,200,PASS,transport_200,transport_200_plus_semantic_payload_contract,-
SURFACE-0054,/advisor,AdvisorWatchtower,GET,frontend/src/pages/AdvisorWatchtower.js,/integrations/crm/deals,https://biqc-api.azurewebsites.net/api/integrations/crm/deals,200,PASS,transport_200,transport_200_plus_semantic_payload_contract,-
SURFACE-0055,/advisor,AdvisorWatchtower,GET,frontend/src/pages/AdvisorWatchtower.js,/integrations/accounting/summary,https://biqc-api.azurewebsites.net/api/integrations/accounting/summary,200,PASS,transport_200,transport_200_plus_semantic_payload_contract,-
SURFACE-0056,/advisor,AdvisorWatchtower,GET,frontend/src/pages/AdvisorWatchtower.js,/outlook/status,https://biqc-api.azurewebsites.net/api/outlook/status,200,PASS,transport_200,transport_200_plus_semantic_payload_contract,-
SURFACE-0057,/advisor,AdvisorWatchtower,GET,frontend/src/pages/AdvisorWatchtower.js,/email/priority-inbox,https://biqc-api.azurewebsites.net/api/email/priority-inbox,200,PASS,transport_200,transport_200_plus_semantic_payload_contract,-
SURFACE-0058,/advisor,AdvisorWatchtower,GET,frontend/src/pages/AdvisorWatchtower.js,/calibration/status,https://biqc-api.azurewebsites.net/api/calibration/status,200,PASS,transport_200,transport_200_plus_semantic_payload_contract,-
SURFACE-0059,/advisor,AdvisorWatchtower,GET,frontend/src/pages/AdvisorWatchtower.js,/brain/priorities,https://biqc-api.azurewebsites.net/api/brain/priorities,200,PASS,transport_200,transport_200_plus_semantic_payload_contract,-
SURFACE-0060,/advisor,AdvisorWatchtower,POST,frontend/src/pages/AdvisorWatchtower.js,/email/analyze-priority,https://biqc-api.azurewebsites.net/api/email/analyze-priority,200,PASS,transport_200,transport_200_plus_semantic_payload_contract,-
SURFACE-0061,/advisor,AdvisorWatchtower,GET,frontend/src/pages/AdvisorWatchtower.js,/email/priority-inbox,https://biqc-api.azurewebsites.net/api/email/priority-inbox,200,PASS,transport_200,transport_200_plus_semantic_payload_contract,-
SURFACE-0062,/advisor,AdvisorWatchtower,GET,frontend/src/pages/AdvisorWatchtower.js,/intelligence/alerts/actions,https://biqc-api.azurewebsites.net/api/intelligence/alerts/actions,200,PASS,transport_200,transport_200_plus_semantic_payload_contract,-
SURFACE-0063,/advisor,AdvisorWatchtower,GET,frontend/src/pages/AdvisorWatchtower.js,/workflows/delegate/providers,https://biqc-api.azurewebsites.net/api/workflows/delegate/providers,200,PASS,transport_200,transport_200_plus_semantic_payload_contract,-
SURFACE-0064,/advisor,AdvisorWatchtower,GET,frontend/src/pages/AdvisorWatchtower.js,/outlook/status,https://biqc-api.azurewebsites.net/api/outlook/status,200,PASS,transport_200,transport_200_plus_semantic_payload_contract,-
SURFACE-0065,/advisor,AdvisorWatchtower,GET,frontend/src/pages/AdvisorWatchtower.js,/gmail/status,https://biqc-api.azurewebsites.net/api/gmail/status,200,PASS,transport_200,transport_200_plus_semantic_payload_contract,-
SURFACE-0066,/advisor,AdvisorWatchtower,GET,frontend/src/pages/AdvisorWatchtower.js,/integrations/merge/connected,https://biqc-api.azurewebsites.net/api/integrations/merge/connected,200,PASS,transport_200,transport_200_plus_semantic_payload_contract,-
SURFACE-0067,/advisor,AdvisorWatchtower,GET,frontend/src/pages/AdvisorWatchtower.js,/workflows/delegate/options,https://biqc-api.azurewebsites.net/api/workflows/delegate/options,200,PASS,transport_200,transport_200_plus_semantic_payload_contract,-
SURFACE-0068,/advisor,AdvisorWatchtower,POST,frontend/src/pages/AdvisorWatchtower.js,/intelligence/alerts/action,https://biqc-api.azurewebsites.net/api/intelligence/alerts/action,200,PASS,transport_200,transport_200_plus_semantic_payload_contract,-
SURFACE-0069,/advisor,AdvisorWatchtower,POST,frontend/src/pages/AdvisorWatchtower.js,/cognition/decisions,https://biqc-api.azurewebsites.net/api/cognition/decisions,200,PASS,transport_200,transport_200_plus_semantic_payload_contract,-
SURFACE-0070,/advisor,AdvisorWatchtower,POST,frontend/src/pages/AdvisorWatchtower.js,/workflows/delegate/execute,https://biqc-api.azurewebsites.net/api/workflows/delegate/execute,200,PASS,transport_200,transport_200_plus_semantic_payload_contract,-
SURFACE-0071,/advisor,AdvisorWatchtower,POST,frontend/src/pages/AdvisorWatchtower.js,/workflows/decision-feedback,https://biqc-api.azurewebsites.net/api/workflows/decision-feedback,200,PASS,transport_200,transport_200_plus_semantic_payload_contract,-
SURFACE-0072,/market,MarketPage,GET,frontend/src/pages/MarketPage.js,/snapshot/latest,https://biqc-api.azurewebsites.net/api/snapshot/latest,200,PASS,transport_200,transport_200_plus_semantic_payload_contract,-
SURFACE-0073,/market,MarketPage,GET,frontend/src/pages/MarketPage.js,/intelligence/watchtower,https://biqc-api.azurewebsites.net/api/intelligence/watchtower,200,PASS,transport_200,transport_200_plus_semantic_payload_contract,-
SURFACE-0074,/market,MarketPage,GET,frontend/src/pages/MarketPage.js,/intelligence/pressure,https://biqc-api.azurewebsites.net/api/intelligence/pressure,200,PASS,transport_200,transport_200_plus_semantic_payload_contract,-
SURFACE-0075,/market,MarketPage,GET,frontend/src/pages/MarketPage.js,/intelligence/freshness,https://biqc-api.azurewebsites.net/api/intelligence/freshness,200,PASS,transport_200,transport_200_plus_semantic_payload_contract,-
SURFACE-0076,/market,MarketPage,GET,frontend/src/pages/MarketPage.js,/cognition/market,https://biqc-api.azurewebsites.net/api/cognition/market,200,PASS,transport_200,transport_200_plus_semantic_payload_contract,-
SURFACE-0077,/market,MarketPage,GET,frontend/src/pages/MarketPage.js,/integrations/channels/status,https://biqc-api.azurewebsites.net/api/integrations/channels/status,200,PASS,transport_200,transport_200_plus_semantic_payload_contract,-
SURFACE-0078,/market,MarketPage,GET,frontend/src/pages/MarketPage.js,/snapshot/latest,https://biqc-api.azurewebsites.net/api/snapshot/latest,200,PASS,transport_200,transport_200_plus_semantic_payload_contract,-
SURFACE-0079,/market,MarketPage,GET,frontend/src/pages/MarketPage.js,/market-intelligence,https://biqc-api.azurewebsites.net/api/market-intelligence,200,PASS,transport_200,transport_200_plus_semantic_payload_contract,-
SURFACE-0080,/market,MarketPage,GET,frontend/src/pages/MarketPage.js,/calibration/status,https://biqc-api.azurewebsites.net/api/calibration/status,200,PASS,transport_200,transport_200_plus_semantic_payload_contract,-
SURFACE-0081,/market,MarketPage,POST,frontend/src/pages/MarketPage.js,/contact/recalibration,https://biqc-api.azurewebsites.net/api/contact/recalibration,200,PASS,transport_200,transport_200_plus_semantic_payload_contract,-
SURFACE-0082,/market,MarketPage,GET,frontend/src/pages/MarketPage.js,/forensic/calibration,https://biqc-api.azurewebsites.net/api/forensic/calibration,200,PASS,transport_200,transport_200_plus_semantic_payload_contract,-
SURFACE-0083,/market/calibration,ForensicCalibration,GET,frontend/src/pages/ForensicCalibration.js,/forensic/calibration,https://biqc-api.azurewebsites.net/api/forensic/calibration,200,PASS,transport_200,transport_200_plus_semantic_payload_contract,-
SURFACE-0084,/market/calibration,ForensicCalibration,POST,frontend/src/pages/ForensicCalibration.js,/forensic/calibration,https://biqc-api.azurewebsites.net/api/forensic/calibration,200,PASS,transport_200,transport_200_plus_semantic_payload_contract,-
SURFACE-0085,/business-profile,BusinessProfile,GET,frontend/src/pages/BusinessProfile.js,/business-profile/context,https://biqc-api.azurewebsites.net/api/business-profile/context,200,PASS,transport_200,transport_200_plus_semantic_payload_contract,-
SURFACE-0086,/business-profile,BusinessProfile,GET,frontend/src/pages/BusinessProfile.js,/integrations/merge/connected,https://biqc-api.azurewebsites.net/api/integrations/merge/connected,200,PASS,transport_200,transport_200_plus_semantic_payload_contract,-
SURFACE-0087,/business-profile,BusinessProfile,GET,frontend/src/pages/BusinessProfile.js,/integrations/crm/company,https://biqc-api.azurewebsites.net/api/integrations/crm/company,200,PASS,transport_200,transport_200_plus_semantic_payload_contract,-
SURFACE-0088,/business-profile,BusinessProfile,GET,frontend/src/pages/BusinessProfile.js,/snapshot/latest,https://biqc-api.azurewebsites.net/api/snapshot/latest,200,PASS,transport_200,transport_200_plus_semantic_payload_contract,-
SURFACE-0089,/business-profile,BusinessProfile,GET,frontend/src/pages/BusinessProfile.js,/business-profile/scores,https://biqc-api.azurewebsites.net/api/business-profile/scores,200,PASS,transport_200,transport_200_plus_semantic_payload_contract,-
SURFACE-0090,/business-profile,BusinessProfile,PUT,frontend/src/pages/BusinessProfile.js,/business-profile,https://biqc-api.azurewebsites.net/api/business-profile,200,PASS,transport_200,transport_200_plus_semantic_payload_contract,-
SURFACE-0091,/business-profile,BusinessProfile,PUT,frontend/src/pages/BusinessProfile.js,/business-profile,https://biqc-api.azurewebsites.net/api/business-profile,200,PASS,transport_200,transport_200_plus_semantic_payload_contract,-
SURFACE-0092,/integrations,Integrations,GET,frontend/src/pages/Integrations.js,/outlook/status,https://biqc-api.azurewebsites.net/api/outlook/status,200,PASS,transport_200,transport_200_plus_semantic_payload_contract,-
SURFACE-0093,/integrations,Integrations,GET,frontend/src/pages/Integrations.js,/gmail/status,https://biqc-api.azurewebsites.net/api/gmail/status,200,PASS,transport_200,transport_200_plus_semantic_payload_contract,-
SURFACE-0094,/integrations,Integrations,POST,frontend/src/pages/Integrations.js,/outlook/disconnect,https://biqc-api.azurewebsites.net/api/outlook/disconnect,200,PASS,transport_200,transport_200_plus_semantic_payload_contract,-
SURFACE-0095,/integrations,Integrations,POST,frontend/src/pages/Integrations.js,/gmail/disconnect,https://biqc-api.azurewebsites.net/api/gmail/disconnect,200,PASS,transport_200,transport_200_plus_semantic_payload_contract,-
SURFACE-0096,/integrations,Integrations,POST,frontend/src/pages/Integrations.js,/merge/disconnect,https://biqc-api.azurewebsites.net/api/merge/disconnect,200,PASS,transport_200,transport_200_plus_semantic_payload_contract,-
SURFACE-0097,/connect-email,ConnectEmail,READ,frontend/src/pages/ConnectEmail.js,NO_API_CALL_DETECTED,https://biqc.ai/connect-email,200,PASS,transport_200,static_route_render_200,-
SURFACE-0098,/data-health,DataHealthPage,GET,frontend/src/pages/DataHealthPage.js,/user/integration-status,https://biqc-api.azurewebsites.net/api/user/integration-status,200,PASS,transport_200,transport_200_plus_semantic_payload_contract,-
SURFACE-0099,/data-health,DataHealthPage,GET,frontend/src/pages/DataHealthPage.js,/intelligence/data-readiness,https://biqc-api.azurewebsites.net/api/intelligence/data-readiness,200,PASS,transport_200,transport_200_plus_semantic_payload_contract,-
SURFACE-0100,/data-health,DataHealthPage,GET,frontend/src/pages/DataHealthPage.js,/integrations/merge/connected,https://biqc-api.azurewebsites.net/api/integrations/merge/connected,200,PASS,transport_200,transport_200_plus_semantic_payload_contract,-
SURFACE-0101,/data-health,DataHealthPage,POST,frontend/src/pages/DataHealthPage.js,/user/integration-status/sync,https://biqc-api.azurewebsites.net/api/user/integration-status/sync,200,PASS,transport_200,transport_200_plus_semantic_payload_contract,-
SURFACE-0102,/forensic-audit,ForensicAuditPage,GET,frontend/src/pages/ForensicAuditPage.js,/ingestion/history,https://biqc-api.azurewebsites.net/api/ingestion/history,200,PASS,transport_200,transport_200_plus_semantic_payload_contract,-
SURFACE-0103,/forensic-audit,ForensicAuditPage,GET,frontend/src/pages/ForensicAuditPage.js,/forensic/ingestion-history,https://biqc-api.azurewebsites.net/api/forensic/ingestion-history,200,PASS,transport_200,transport_200_plus_semantic_payload_contract,-
SURFACE-0104,/forensic-audit,ForensicAuditPage,POST,frontend/src/pages/ForensicAuditPage.js,/ingestion/hybrid,https://biqc-api.azurewebsites.net/api/ingestion/hybrid,200,PASS,transport_200,transport_200_plus_semantic_payload_contract,-
SURFACE-0105,/forensic-audit,ForensicAuditPage,GET,frontend/src/pages/ForensicAuditPage.js,/ingestion/history,https://biqc-api.azurewebsites.net/api/ingestion/history,200,PASS,transport_200,transport_200_plus_semantic_payload_contract,-
SURFACE-0106,/forensic-audit,ForensicAuditPage,POST,frontend/src/pages/ForensicAuditPage.js,/ingestion/run,https://biqc-api.azurewebsites.net/api/ingestion/run,200,PASS,transport_200,transport_200_plus_semantic_payload_contract,-
SURFACE-0107,/exposure-scan,DSEEPage,POST,frontend/src/pages/DSEEPage.js,/dsee/scan,https://biqc-api.azurewebsites.net/api/dsee/scan,200,PASS,transport_200,transport_200_plus_semantic_payload_contract,-
SURFACE-0108,/marketing-intelligence,MarketingIntelPage,GET,frontend/src/pages/MarketingIntelPage.js,/marketing/benchmark/latest,https://biqc-api.azurewebsites.net/api/marketing/benchmark/latest,200,PASS,transport_200,transport_200_plus_semantic_payload_contract,-
SURFACE-0109,/marketing-intelligence,MarketingIntelPage,POST,frontend/src/pages/MarketingIntelPage.js,/marketing/benchmark,https://biqc-api.azurewebsites.net/api/marketing/benchmark,200,PASS,transport_200,transport_200_plus_semantic_payload_contract,-
SURFACE-0110,/settings,Settings,GET,frontend/src/pages/Settings.js,/business-profile/context,https://biqc-api.azurewebsites.net/api/business-profile/context,200,PASS,transport_200,transport_200_plus_semantic_payload_contract,-
SURFACE-0111,/settings,Settings,PUT,frontend/src/pages/Settings.js,/business-profile,https://biqc-api.azurewebsites.net/api/business-profile,200,PASS,transport_200,transport_200_plus_semantic_payload_contract,-
SURFACE-0112,/settings,Settings,GET,frontend/src/pages/Settings.js,/calibration/status,https://biqc-api.azurewebsites.net/api/calibration/status,200,PASS,transport_200,transport_200_plus_semantic_payload_contract,-
SURFACE-0113,/settings,Settings,GET,frontend/src/pages/Settings.js,/business-profile/context,https://biqc-api.azurewebsites.net/api/business-profile/context,200,PASS,transport_200,transport_200_plus_semantic_payload_contract,-
SURFACE-0114,/settings,Settings,GET,frontend/src/pages/Settings.js,/tutorials/status,https://biqc-api.azurewebsites.net/api/tutorials/status,200,PASS,transport_200,transport_200_plus_semantic_payload_contract,-
SURFACE-0115,/settings,Settings,POST,frontend/src/pages/Settings.js,/tutorials/reset,https://biqc-api.azurewebsites.net/api/tutorials/reset,200,PASS,transport_200,transport_200_plus_semantic_payload_contract,-
SURFACE-0116,/settings,Settings,POST,frontend/src/pages/Settings.js,/tutorials/preferences,https://biqc-api.azurewebsites.net/api/tutorials/preferences,200,PASS,transport_200,transport_200_plus_semantic_payload_contract,-
SURFACE-0117,/settings,Settings,PUT,frontend/src/pages/Settings.js,/business-profile,https://biqc-api.azurewebsites.net/api/business-profile,200,PASS,transport_200,transport_200_plus_semantic_payload_contract,-
SURFACE-0118,/settings,Settings,POST,frontend/src/pages/Settings.js,/calibration/reset,https://biqc-api.azurewebsites.net/api/calibration/reset,200,PASS,transport_200,transport_200_plus_semantic_payload_contract,-
SURFACE-0119,/calendar,CalendarView,GET,frontend/src/pages/CalendarView.js,/email/calendar/events?days_back=0&days_ahead=30,https://biqc-api.azurewebsites.net/api/email/calendar/events?days_back=0&days_ahead=30,200,PASS,transport_200,transport_200_plus_semantic_payload_contract,-
SURFACE-0120,/calendar,CalendarView,GET,frontend/src/pages/CalendarView.js,/outlook/intelligence,https://biqc-api.azurewebsites.net/api/outlook/intelligence,200,PASS,transport_200,transport_200_plus_semantic_payload_contract,-
SURFACE-0121,/calendar,CalendarView,POST,frontend/src/pages/CalendarView.js,/outlook/calendar/create,https://biqc-api.azurewebsites.net/api/outlook/calendar/create,200,PASS,transport_200,transport_200_plus_semantic_payload_contract,-
SURFACE-0122,/competitive-benchmark,CompetitiveBenchmarkPage,GET,frontend/src/pages/CompetitiveBenchmarkPage.js,/snapshot/latest,https://biqc-api.azurewebsites.net/api/snapshot/latest,200,PASS,transport_200,transport_200_plus_semantic_payload_contract,-
SURFACE-0123,/competitive-benchmark,CompetitiveBenchmarkPage,GET,frontend/src/pages/CompetitiveBenchmarkPage.js,/cognition/overview,https://biqc-api.azurewebsites.net/api/cognition/overview,200,PASS,transport_200,transport_200_plus_semantic_payload_contract,-
SURFACE-0124,/competitive-benchmark,CompetitiveBenchmarkPage,GET,frontend/src/pages/CompetitiveBenchmarkPage.js,/marketing/benchmark/latest,https://biqc-api.azurewebsites.net/api/marketing/benchmark/latest,200,PASS,transport_200,transport_200_plus_semantic_payload_contract,-
SURFACE-0125,/competitive-benchmark,CompetitiveBenchmarkPage,POST,frontend/src/pages/CompetitiveBenchmarkPage.js,/marketing/benchmark,https://biqc-api.azurewebsites.net/api/marketing/benchmark,200,PASS,transport_200,transport_200_plus_semantic_payload_contract,-
SURFACE-0126,/competitive-benchmark,CompetitiveBenchmarkPage,POST,frontend/src/pages/CompetitiveBenchmarkPage.js,/marketing/benchmark,https://biqc-api.azurewebsites.net/api/marketing/benchmark,200,PASS,transport_200,transport_200_plus_semantic_payload_contract,-
SURFACE-0127,/revenue,RevenuePage,GET,frontend/src/pages/RevenuePage.js,/integrations/crm/deals,https://biqc-api.azurewebsites.net/api/integrations/crm/deals,200,PASS,transport_200,transport_200_plus_semantic_payload_contract,-
SURFACE-0128,/revenue,RevenuePage,GET,frontend/src/pages/RevenuePage.js,/integrations/accounting/summary,https://biqc-api.azurewebsites.net/api/integrations/accounting/summary,200,PASS,transport_200,transport_200_plus_semantic_payload_contract,-
SURFACE-0129,/revenue,RevenuePage,GET,frontend/src/pages/RevenuePage.js,/intelligence/scenarios,https://biqc-api.azurewebsites.net/api/intelligence/scenarios,200,PASS,transport_200,transport_200_plus_semantic_payload_contract,-
SURFACE-0130,/revenue,RevenuePage,GET,frontend/src/pages/RevenuePage.js,/unified/revenue,https://biqc-api.azurewebsites.net/api/unified/revenue,200,PASS,transport_200,transport_200_plus_semantic_payload_contract,-
SURFACE-0131,/revenue,RevenuePage,GET,frontend/src/pages/RevenuePage.js,/cognition/revenue,https://biqc-api.azurewebsites.net/api/cognition/revenue,200,PASS,transport_200,transport_200_plus_semantic_payload_contract,-
SURFACE-0132,/billing,BillingPage,GET,frontend/src/pages/BillingPage.js,/billing/overview,https://biqc-api.azurewebsites.net/api/billing/overview,200,PASS,transport_200,transport_200_plus_semantic_payload_contract,-
SURFACE-0133,/billing,BillingPage,GET,frontend/src/pages/BillingPage.js,/billing/charges,https://biqc-api.azurewebsites.net/api/billing/charges,200,PASS,transport_200,transport_200_plus_semantic_payload_contract,-
SURFACE-0134,/billing,BillingPage,GET,frontend/src/pages/BillingPage.js,/billing/suppliers,https://biqc-api.azurewebsites.net/api/billing/suppliers,200,PASS,transport_200,transport_200_plus_semantic_payload_contract,-
SURFACE-0135,/operations,OperationsPage,GET,frontend/src/pages/OperationsPage.js,/snapshot/latest,https://biqc-api.azurewebsites.net/api/snapshot/latest,200,PASS,transport_200,transport_200_plus_semantic_payload_contract,-
SURFACE-0136,/operations,OperationsPage,GET,frontend/src/pages/OperationsPage.js,/unified/operations,https://biqc-api.azurewebsites.net/api/unified/operations,200,PASS,transport_200,transport_200_plus_semantic_payload_contract,-
SURFACE-0137,/operations,OperationsPage,GET,frontend/src/pages/OperationsPage.js,/cognition/operations,https://biqc-api.azurewebsites.net/api/cognition/operations,200,PASS,transport_200,transport_200_plus_semantic_payload_contract,-
SURFACE-0138,/risk,RiskPage,GET,frontend/src/pages/RiskPage.js,/intelligence/workforce,https://biqc-api.azurewebsites.net/api/intelligence/workforce,200,PASS,transport_200,transport_200_plus_semantic_payload_contract,-
SURFACE-0139,/risk,RiskPage,GET,frontend/src/pages/RiskPage.js,/intelligence/scores,https://biqc-api.azurewebsites.net/api/intelligence/scores,200,PASS,transport_200,transport_200_plus_semantic_payload_contract,-
SURFACE-0140,/risk,RiskPage,GET,frontend/src/pages/RiskPage.js,/unified/risk,https://biqc-api.azurewebsites.net/api/unified/risk,200,PASS,transport_200,transport_200_plus_semantic_payload_contract,-
SURFACE-0141,/risk,RiskPage,GET,frontend/src/pages/RiskPage.js,/cognition/risk,https://biqc-api.azurewebsites.net/api/cognition/risk,200,PASS,transport_200,transport_200_plus_semantic_payload_contract,-
SURFACE-0142,/compliance,CompliancePage,GET,frontend/src/pages/CompliancePage.js,/business-profile/context,https://biqc-api.azurewebsites.net/api/business-profile/context,200,PASS,transport_200,transport_200_plus_semantic_payload_contract,-
SURFACE-0143,/reports,ReportsPage,GET,frontend/src/pages/ReportsPage.js,/business-profile,https://biqc-api.azurewebsites.net/api/business-profile,200,PASS,transport_200,transport_200_plus_semantic_payload_contract,-
SURFACE-0144,/reports,ReportsPage,POST,frontend/src/pages/ReportsPage.js,/reports/generate-pdf,https://biqc-api.azurewebsites.net/api/reports/generate-pdf,200,PASS,transport_200,transport_200_plus_semantic_payload_contract,-
SURFACE-0145,/audit-log,AuditLogPage,READ,frontend/src/pages/AuditLogPage.js,NO_API_CALL_DETECTED,https://biqc.ai/audit-log,200,PASS,transport_200,static_route_render_200,-
SURFACE-0146,/alerts,AlertsPageAuth,POST,frontend/src/pages/AlertsPageAuth.js,/intelligence/alerts/action,https://biqc-api.azurewebsites.net/api/intelligence/alerts/action,200,PASS,transport_200,transport_200_plus_semantic_payload_contract,-
SURFACE-0147,/alerts,AlertsPageAuth,GET,frontend/src/pages/AlertsPageAuth.js,/intelligence/watchtower,https://biqc-api.azurewebsites.net/api/intelligence/watchtower,200,PASS,transport_200,transport_200_plus_semantic_payload_contract,-
SURFACE-0148,/alerts,AlertsPageAuth,GET,frontend/src/pages/AlertsPageAuth.js,/notifications/alerts,https://biqc-api.azurewebsites.net/api/notifications/alerts,200,PASS,transport_200,transport_200_plus_semantic_payload_contract,-
SURFACE-0149,/actions,ActionsPage,GET,frontend/src/pages/ActionsPage.js,/workflows/delegate/providers,https://biqc-api.azurewebsites.net/api/workflows/delegate/providers,200,PASS,transport_200,transport_200_plus_semantic_payload_contract,-
SURFACE-0150,/actions,ActionsPage,GET,frontend/src/pages/ActionsPage.js,/workflows/delegate/options,https://biqc-api.azurewebsites.net/api/workflows/delegate/options,200,PASS,transport_200,transport_200_plus_semantic_payload_contract,-
SURFACE-0151,/actions,ActionsPage,POST,frontend/src/pages/ActionsPage.js,/workflows/delegate/execute,https://biqc-api.azurewebsites.net/api/workflows/delegate/execute,200,PASS,transport_200,transport_200_plus_semantic_payload_contract,-
SURFACE-0152,/automations,AutomationsPageAuth,READ,frontend/src/pages/AutomationsPageAuth.js,NO_API_CALL_DETECTED,https://biqc.ai/automations,200,PASS,transport_200,static_route_render_200,-
SURFACE-0153,/soundboard,MySoundBoard,GET,frontend/src/pages/MySoundBoard.js,/soundboard/scan-usage,https://biqc-api.azurewebsites.net/api/soundboard/scan-usage,200,PASS,transport_200,transport_200_plus_semantic_payload_contract,-
SURFACE-0154,/soundboard,MySoundBoard,GET,frontend/src/pages/MySoundBoard.js,/soundboard/conversations,https://biqc-api.azurewebsites.net/api/soundboard/conversations,200,PASS,transport_200,transport_200_plus_semantic_payload_contract,-
SURFACE-0155,/soundboard,MySoundBoard,POST,frontend/src/pages/MySoundBoard.js,/soundboard/chat,https://biqc-api.azurewebsites.net/api/soundboard/chat,200,PASS,transport_200,transport_200_plus_semantic_payload_contract,-
SURFACE-0156,/soundboard,MySoundBoard,POST,frontend/src/pages/MySoundBoard.js,/soundboard/record-scan,https://biqc-api.azurewebsites.net/api/soundboard/record-scan,200,PASS,transport_200,transport_200_plus_semantic_payload_contract,-
SURFACE-0157,/email-inbox,EmailInbox,GET,frontend/src/pages/EmailInbox.js,/email/priority-inbox,https://biqc-api.azurewebsites.net/api/email/priority-inbox,200,PASS,transport_200,transport_200_plus_semantic_payload_contract,-
SURFACE-0158,/email-inbox,EmailInbox,POST,frontend/src/pages/EmailInbox.js,/email/analyze-priority,https://biqc-api.azurewebsites.net/api/email/analyze-priority,200,PASS,transport_200,transport_200_plus_semantic_payload_contract,-
SURFACE-0159,/email-inbox,EmailInbox,POST,frontend/src/pages/EmailInbox.js,/email/priority/reclassify,https://biqc-api.azurewebsites.net/api/email/priority/reclassify,200,PASS,transport_200,transport_200_plus_semantic_payload_contract,-
SURFACE-0160,/email-inbox,EmailInbox,POST,frontend/src/pages/EmailInbox.js,/email/priority/reclassify,https://biqc-api.azurewebsites.net/api/email/priority/reclassify,200,PASS,transport_200,transport_200_plus_semantic_payload_contract,-
SURFACE-0161,/email-inbox,EmailInbox,POST,frontend/src/pages/EmailInbox.js,/email/analyze-priority,https://biqc-api.azurewebsites.net/api/email/analyze-priority,200,PASS,transport_200,transport_200_plus_semantic_payload_contract,-
SURFACE-0162,/email-inbox,EmailInbox,POST,frontend/src/pages/EmailInbox.js,/email/send-recommended-reply,https://biqc-api.azurewebsites.net/api/email/send-recommended-reply,200,PASS,transport_200,transport_200_plus_semantic_payload_contract,-
SURFACE-0163,/war-room,WarRoomPage,READ,frontend/src/pages/WarRoomPage.js,NO_API_CALL_DETECTED,https://biqc.ai/war-room,200,PASS,transport_200,static_route_render_200,-
SURFACE-0164,/board-room,BoardRoomPage,READ,frontend/src/pages/BoardRoomPage.js,NO_API_CALL_DETECTED,https://biqc.ai/board-room,200,PASS,transport_200,static_route_render_200,-
SURFACE-0165,/sop-generator,SOPGenerator,POST,frontend/src/pages/SOPGenerator.js,/data-center/upload,https://biqc-api.azurewebsites.net/api/data-center/upload,200,PASS,transport_200,transport_200_plus_semantic_payload_contract,-
SURFACE-0166,/decisions,DecisionsPage,GET,frontend/src/pages/DecisionsPage.js,/integrations/merge/connected,https://biqc-api.azurewebsites.net/api/integrations/merge/connected,200,PASS,transport_200,transport_200_plus_semantic_payload_contract,-
SURFACE-0167,/decisions,DecisionsPage,GET,frontend/src/pages/DecisionsPage.js,/snapshot/latest,https://biqc-api.azurewebsites.net/api/snapshot/latest,200,PASS,transport_200,transport_200_plus_semantic_payload_contract,-
SURFACE-0168,/decisions,DecisionsPage,GET,frontend/src/pages/DecisionsPage.js,/cognition/overview,https://biqc-api.azurewebsites.net/api/cognition/overview,200,PASS,transport_200,transport_200_plus_semantic_payload_contract,-
SURFACE-0169,/decisions,DecisionsPage,GET,frontend/src/pages/DecisionsPage.js,/cognition/decisions,https://biqc-api.azurewebsites.net/api/cognition/decisions,200,PASS,transport_200,transport_200_plus_semantic_payload_contract,-
SURFACE-0170,/decisions,DecisionsPage,POST,frontend/src/pages/DecisionsPage.js,/cognition/decisions,https://biqc-api.azurewebsites.net/api/cognition/decisions,200,PASS,transport_200,transport_200_plus_semantic_payload_contract,-
SURFACE-0171,/diagnosis,Diagnosis,GET,frontend/src/pages/Diagnosis.js,/email/priority-inbox,https://biqc-api.azurewebsites.net/api/email/priority-inbox,200,PASS,transport_200,transport_200_plus_semantic_payload_contract,-
SURFACE-0172,/analysis,Analysis,READ,frontend/src/pages/Analysis.js,NO_API_CALL_DETECTED,https://biqc.ai/analysis,200,PASS,transport_200,static_route_render_200,-
SURFACE-0173,/documents,Documents,READ,frontend/src/pages/Documents.js,NO_API_CALL_DETECTED,https://biqc.ai/documents,200,PASS,transport_200,static_route_render_200,-
SURFACE-0174,/documents/:id,DocumentView,READ,frontend/src/pages/DocumentView.js,NO_API_CALL_DETECTED,https://biqc.ai/documents/:id,200,PASS,transport_200,static_route_render_200,-
SURFACE-0175,/data-center,DataCenter,READ,frontend/src/pages/DataCenter.js,NO_API_CALL_DETECTED,https://biqc.ai/data-center,200,PASS,transport_200,static_route_render_200,-
SURFACE-0176,/intel-centre,IntelCentre,GET,frontend/src/pages/IntelCentre.js,/business-profile/scores,https://biqc-api.azurewebsites.net/api/business-profile/scores,200,PASS,transport_200,transport_200_plus_semantic_payload_contract,-
SURFACE-0177,/intelligence-baseline,IntelligenceBaseline,GET,frontend/src/pages/IntelligenceBaseline.js,/baseline,https://biqc-api.azurewebsites.net/api/baseline,200,PASS,transport_200,transport_200_plus_semantic_payload_contract,-
SURFACE-0178,/intelligence-baseline,IntelligenceBaseline,POST,frontend/src/pages/IntelligenceBaseline.js,/baseline,https://biqc-api.azurewebsites.net/api/baseline,200,PASS,transport_200,transport_200_plus_semantic_payload_contract,-
SURFACE-0179,/operator,OperatorDashboard,GET,frontend/src/pages/OperatorDashboard.js,/watchtower/positions,https://biqc-api.azurewebsites.net/api/watchtower/positions,200,PASS,transport_200,transport_200_plus_semantic_payload_contract,-
SURFACE-0180,/operator,OperatorDashboard,GET,frontend/src/pages/OperatorDashboard.js,/watchtower/findings?limit=20,https://biqc-api.azurewebsites.net/api/watchtower/findings?limit=20,200,PASS,transport_200,transport_200_plus_semantic_payload_contract,-
SURFACE-0181,/operator,OperatorDashboard,GET,frontend/src/pages/OperatorDashboard.js,/snapshot/latest,https://biqc-api.azurewebsites.net/api/snapshot/latest,200,PASS,transport_200,transport_200_plus_semantic_payload_contract,-
SURFACE-0182,/operator,OperatorDashboard,GET,frontend/src/pages/OperatorDashboard.js,/lifecycle/state,https://biqc-api.azurewebsites.net/api/lifecycle/state,200,PASS,transport_200,transport_200_plus_semantic_payload_contract,-
SURFACE-0183,/operator,OperatorDashboard,GET,frontend/src/pages/OperatorDashboard.js,/intelligence/data-readiness,https://biqc-api.azurewebsites.net/api/intelligence/data-readiness,200,PASS,transport_200,transport_200_plus_semantic_payload_contract,-
SURFACE-0184,/market-analysis,MarketAnalysis,READ,frontend/src/pages/MarketAnalysis.js,NO_API_CALL_DETECTED,https://biqc.ai/market-analysis,200,PASS,transport_200,static_route_render_200,-
SURFACE-0185,/ops-advisory,OpsAdvisoryCentre,GET,frontend/src/pages/OpsAdvisoryCentre.js,/oac/recommendations,https://biqc-api.azurewebsites.net/api/oac/recommendations,200,PASS,transport_200,transport_200_plus_semantic_payload_contract,-
SURFACE-0186,/marketing-automation,MarketingAutomationPage,POST,frontend/src/pages/MarketingAutomationPage.js,/automation/generate,https://biqc-api.azurewebsites.net/api/automation/generate,200,PASS,transport_200,transport_200_plus_semantic_payload_contract,-
SURFACE-0187,/ab-testing,ABTestingPage,GET,frontend/src/pages/ABTestingPage.js,/experiments/list,https://biqc-api.azurewebsites.net/api/experiments/list,200,PASS,transport_200,transport_200_plus_semantic_payload_contract,-
SURFACE-0188,/ab-testing,ABTestingPage,POST,frontend/src/pages/ABTestingPage.js,/experiments/create,https://biqc-api.azurewebsites.net/api/experiments/create,200,PASS,transport_200,transport_200_plus_semantic_payload_contract,-
SURFACE-0189,/admin,AdminDashboard,GET,frontend/src/pages/AdminDashboard.js,/admin/users,https://biqc-api.azurewebsites.net/api/admin/users,200,PASS,transport_200,transport_200_plus_semantic_payload_contract,-
SURFACE-0190,/admin,AdminDashboard,GET,frontend/src/pages/AdminDashboard.js,/admin/stats,https://biqc-api.azurewebsites.net/api/admin/stats,200,PASS,transport_200,transport_200_plus_semantic_payload_contract,-
SURFACE-0191,/admin,AdminDashboard,GET,frontend/src/pages/AdminDashboard.js,/admin/rate-limits/defaults,https://biqc-api.azurewebsites.net/api/admin/rate-limits/defaults,200,PASS,transport_200,transport_200_plus_semantic_payload_contract,-
SURFACE-0192,/admin,AdminDashboard,GET,frontend/src/pages/AdminDashboard.js,/health/detailed,https://biqc-api.azurewebsites.net/api/health/detailed,200,PASS,transport_200,transport_200_plus_semantic_payload_contract,-
SURFACE-0193,/admin/pricing,AdminPricingPage,GET,frontend/src/pages/AdminPricingPage.js,/admin/pricing/plans,https://biqc-api.azurewebsites.net/api/admin/pricing/plans,200,PASS,transport_200,transport_200_plus_semantic_payload_contract,-
SURFACE-0194,/admin/pricing,AdminPricingPage,GET,frontend/src/pages/AdminPricingPage.js,/admin/pricing/entitlements,https://biqc-api.azurewebsites.net/api/admin/pricing/entitlements?plan_key=starter,200,PASS,transport_200,transport_200_plus_semantic_payload_contract,-
SURFACE-0195,/admin/pricing,AdminPricingPage,GET,frontend/src/pages/AdminPricingPage.js,/admin/pricing/overrides,https://biqc-api.azurewebsites.net/api/admin/pricing/overrides,200,PASS,transport_200,transport_200_plus_semantic_payload_contract,-
SURFACE-0196,/admin/pricing,AdminPricingPage,PUT,frontend/src/pages/AdminPricingPage.js,/admin/pricing/plans,https://biqc-api.azurewebsites.net/api/admin/pricing/plans,200,PASS,transport_200,transport_200_plus_semantic_payload_contract,-
SURFACE-0197,/admin/pricing,AdminPricingPage,PUT,frontend/src/pages/AdminPricingPage.js,/admin/pricing/entitlements,https://biqc-api.azurewebsites.net/api/admin/pricing/entitlements,200,PASS,transport_200,transport_200_plus_semantic_payload_contract,-
SURFACE-0198,/admin/pricing,AdminPricingPage,POST,frontend/src/pages/AdminPricingPage.js,/admin/pricing/publish,https://biqc-api.azurewebsites.net/api/admin/pricing/publish,200,PASS,transport_200,transport_200_plus_semantic_payload_contract,-
SURFACE-0199,/admin/pricing,AdminPricingPage,POST,frontend/src/pages/AdminPricingPage.js,/admin/pricing/rollback,https://biqc-api.azurewebsites.net/api/admin/pricing/rollback,200,PASS,transport_200,transport_200_plus_semantic_payload_contract,-
SURFACE-0200,/admin/pricing,AdminPricingPage,PUT,frontend/src/pages/AdminPricingPage.js,/admin/pricing/overrides,https://biqc-api.azurewebsites.net/api/admin/pricing/overrides,200,PASS,transport_200,transport_200_plus_semantic_payload_contract,-
SURFACE-0201,/admin/ux-feedback,AdminUxFeedbackPage,GET,frontend/src/pages/AdminUxFeedbackPage.js,/admin/ux-feedback/summary,https://biqc-api.azurewebsites.net/api/admin/ux-feedback/summary,200,PASS,transport_200,transport_200_plus_semantic_payload_contract,-
SURFACE-0202,/admin/ux-feedback,AdminUxFeedbackPage,GET,frontend/src/pages/AdminUxFeedbackPage.js,/admin/ux-feedback/checkpoints,https://biqc-api.azurewebsites.net/api/admin/ux-feedback/checkpoints,200,PASS,transport_200,transport_200_plus_semantic_payload_contract,-
SURFACE-0203,/admin/ux-feedback,AdminUxFeedbackPage,GET,frontend/src/pages/AdminUxFeedbackPage.js,/admin/deferred-integrations,https://biqc-api.azurewebsites.net/api/admin/deferred-integrations,200,PASS,transport_200,transport_200_plus_semantic_payload_contract,-
SURFACE-0204,/admin/ux-feedback,AdminUxFeedbackPage,PUT,frontend/src/pages/AdminUxFeedbackPage.js,/admin/ux-feedback/checkpoints,https://biqc-api.azurewebsites.net/api/admin/ux-feedback/checkpoints,200,PASS,transport_200,transport_200_plus_semantic_payload_contract,-
SURFACE-0205,/admin/scope-checkpoints,AdminScopeCheckpointsPage,GET,frontend/src/pages/AdminScopeCheckpointsPage.js,/admin/scope-checkpoints,https://biqc-api.azurewebsites.net/api/admin/scope-checkpoints,200,PASS,transport_200,transport_200_plus_semantic_payload_contract,-
SURFACE-0206,/admin/prompt-lab,PromptLab,GET,frontend/src/pages/PromptLab.js,/admin/prompts,https://biqc-api.azurewebsites.net/api/admin/prompts,200,PASS,transport_200,transport_200_plus_semantic_payload_contract,-
SURFACE-0207,/admin/prompt-lab,PromptLab,POST,frontend/src/pages/PromptLab.js,/admin/prompts/invalidate,https://biqc-api.azurewebsites.net/api/admin/prompts/invalidate,200,PASS,transport_200,transport_200_plus_semantic_payload_contract,-
SURFACE-0208,/admin/prompt-lab,PromptLab,POST,frontend/src/pages/PromptLab.js,/admin/prompts/invalidate,https://biqc-api.azurewebsites.net/api/admin/prompts/invalidate,200,PASS,transport_200,transport_200_plus_semantic_payload_contract,-
SURFACE-0209,/admin/prompt-lab,PromptLab,GET,frontend/src/pages/PromptLab.js,/admin/prompts/audit-log,https://biqc-api.azurewebsites.net/api/admin/prompts/audit-log,200,PASS,transport_200,transport_200_plus_semantic_payload_contract,-
SURFACE-0210,/support-admin,SupportConsolePage,GET,frontend/src/pages/SupportConsolePage.js,/super-admin/verify,https://biqc-api.azurewebsites.net/api/super-admin/verify,200,PASS,transport_200,transport_200_plus_semantic_payload_contract,-
SURFACE-0211,/support-admin,SupportConsolePage,GET,frontend/src/pages/SupportConsolePage.js,/support/users,https://biqc-api.azurewebsites.net/api/support/users,200,PASS,transport_200,transport_200_plus_semantic_payload_contract,-
SURFACE-0212,/support-admin,SupportConsolePage,GET,frontend/src/pages/SupportConsolePage.js,/support/audit-log,https://biqc-api.azurewebsites.net/api/support/audit-log,200,PASS,transport_200,transport_200_plus_semantic_payload_contract,-
SURFACE-0213,/support-admin,SupportConsolePage,GET,frontend/src/pages/SupportConsolePage.js,/enterprise/contact-requests,https://biqc-api.azurewebsites.net/api/enterprise/contact-requests,200,PASS,transport_200,transport_200_plus_semantic_payload_contract,-
SURFACE-0214,/support-admin,SupportConsolePage,POST,frontend/src/pages/SupportConsolePage.js,/support/toggle-user,https://biqc-api.azurewebsites.net/api/support/toggle-user,200,PASS,transport_200,transport_200_plus_semantic_payload_contract,-
SURFACE-0215,/support-admin,SupportConsolePage,POST,frontend/src/pages/SupportConsolePage.js,/support/reset-password,https://biqc-api.azurewebsites.net/api/support/reset-password,200,PASS,transport_200,transport_200_plus_semantic_payload_contract,-
SURFACE-0216,/support-admin,SupportConsolePage,POST,frontend/src/pages/SupportConsolePage.js,/support/update-subscription,https://biqc-api.azurewebsites.net/api/support/update-subscription,200,PASS,transport_200,transport_200_plus_semantic_payload_contract,-
SURFACE-0217,/support-admin,SupportConsolePage,POST,frontend/src/pages/SupportConsolePage.js,/support/impersonate,https://biqc-api.azurewebsites.net/api/support/impersonate,200,PASS,transport_200,transport_200_plus_semantic_payload_contract,-
SURFACE-0218,/observability,ObservabilityPage,GET,frontend/src/pages/ObservabilityPage.js,/services/cognition-platform-audit,https://biqc-api.azurewebsites.net/api/services/cognition-platform-audit,200,PASS,transport_200,transport_200_plus_semantic_payload_contract,-
